store_id,city,region,month,year,quarter,digital_ad_spend_lakh,offline_ad_spend_lakh,store_footfall,gold_price_index,discount_pct,festival_month,returning_customer_pct,inventory_availability_pct,avg_transaction_value_lakh,birthday_customers_count,anniversary_customers_count,wedding_leads_count,noise_lakh,sales_lakh
STR-01,Mumbai,West,2023-09-01,2023,Q3,18.16,7.39,2026,98.97,2.94,0,69.07,93.98,1.69,75,31,7,-1.19,118.77
STR-02,Delhi,North,2023-09-01,2023,Q3,11.3,12.27,2932,100.23,6.43,0,40.64,89.65,0.64,60,46,28,3.16,124.51
STR-03,Bengaluru,South,2023-09-01,2023,Q3,17.89,6.55,1076,100.93,9.78,0,39.4,87.8,0.61,82,32,8,4.39,112.47
STR-04,Chennai,South,2023-09-01,2023,Q3,17.66,12.68,1968,95.7,6.7,0,39.2,80.73,1.24,37,22,10,4.08,125.62
STR-05,Hyderabad,South,2023-09-01,2023,Q3,12.43,11.33,2538,95.12,10.32,0,62.58,86.14,0.97,64,18,24,-8.65,128.43
STR-06,Pune,West,2023-09-01,2023,Q3,8.4,3.07,2972,98.65,9.05,0,61.67,87.64,1.37,70,9,8,-9.25,113.04
STR-07,Kolkata,East,2023-09-01,2023,Q3,16.36,7.71,3124,99.65,8.35,0,53.04,89.74,0.99,54,35,4,-1.52,137.05
STR-08,Ahmedabad,West,2023-09-01,2023,Q3,8.65,7.09,3481,94.34,2.58,0,42.69,84.17,1.51,74,13,20,6.81,128.36
STR-09,Jaipur,North,2023-09-01,2023,Q3,16.29,7.06,1987,93.67,2.23,0,35.42,93.17,1.22,71,40,8,0.03,115.13
STR-10,Kochi,South,2023-09-01,2023,Q3,7.59,9.96,2189,95.81,5.02,0,55.95,85.6,0.68,46,23,7,11.09,120.43
STR-01,Mumbai,West,2023-10-01,2023,Q4,20.45,10.0,2089,101.69,9.79,1,59.24,87.44,0.94,33,11,6,9.66,156.34
STR-02,Delhi,North,2023-10-01,2023,Q4,12.75,5.02,2776,97.79,3.77,1,64.55,93.93,1.59,36,37,16,3.06,139.83
STR-03,Bengaluru,South,2023-10-01,2023,Q4,14.93,9.5,2535,96.16,2.42,1,50.77,84.93,0.76,20,38,7,2.1,129.66
STR-04,Chennai,South,2023-10-01,2023,Q4,7.9,12.25,3474,95.47,7.91,1,32.87,98.13,1.25,55,29,27,-10.01,139.48
STR-05,Hyderabad,South,2023-10-01,2023,Q4,13.27,7.91,2047,97.72,6.73,1,42.15,84.96,1.3,80,46,17,-11.48,125.09
STR-06,Pune,West,2023-10-01,2023,Q4,19.05,11.96,2311,97.54,3.09,1,57.55,83.91,1.51,24,40,25,6.45,157.92
STR-07,Kolkata,East,2023-10-01,2023,Q4,6.83,12.16,3436,92.37,7.55,1,46.1,95.43,1.72,31,51,13,10.87,166.14
STR-08,Ahmedabad,West,2023-10-01,2023,Q4,9.95,8.15,3255,101.36,3.65,1,33.71,87.14,1.99,32,14,30,5.97,147.67
STR-09,Jaipur,North,2023-10-01,2023,Q4,20.14,11.93,1201,95.16,9.72,1,57.14,85.85,0.69,51,41,26,-5.7,150.45
STR-10,Kochi,South,2023-10-01,2023,Q4,20.93,5.41,983,100.31,3.53,1,38.81,90.59,1.82,23,10,9,-4.55,124.93
STR-01,Mumbai,West,2023-11-01,2023,Q4,18.22,12.72,2198,93.44,2.14,1,40.73,80.77,1.53,50,51,7,0.15,135.7
STR-02,Delhi,North,2023-11-01,2023,Q4,16.8,8.81,1984,100.04,9.15,1,60.08,80.75,0.73,28,33,31,-2.46,140.52
STR-03,Bengaluru,South,2023-11-01,2023,Q4,10.12,7.89,2222,101.56,4.86,1,67.14,78.52,1.36,61,14,23,-9.46,119.41
STR-04,Chennai,South,2023-11-01,2023,Q4,7.39,7.19,916,97.96,11.33,1,62.57,87.82,1.69,82,46,4,-9.38,117.38
STR-05,Hyderabad,South,2023-11-01,2023,Q4,19.1,10.97,2104,97.31,8.06,1,64.97,90.67,1.15,31,13,15,-1.78,153.04
STR-06,Pune,West,2023-11-01,2023,Q4,16.08,11.67,1612,94.48,4.37,1,60.35,95.15,0.7,46,47,5,2.27,138.6
STR-07,Kolkata,East,2023-11-01,2023,Q4,7.48,11.25,1729,93.44,11.21,1,38.29,83.98,0.77,36,28,7,-11.49,117.74
STR-08,Ahmedabad,West,2023-11-01,2023,Q4,5.94,4.75,3061,97.91,8.81,1,46.96,84.68,1.28,18,41,30,8.43,149.4
STR-09,Jaipur,North,2023-11-01,2023,Q4,5.74,4.81,3212,94.49,7.71,1,47.82,79.03,1.09,31,49,19,-9.56,130.02
STR-10,Kochi,South,2023-11-01,2023,Q4,19.17,3.52,1951,92.99,10.44,1,66.3,98.57,1.71,79,34,27,3.42,175.02
STR-01,Mumbai,West,2023-12-01,2023,Q4,18.24,4.35,3048,97.14,10.58,0,49.59,86.09,1.48,52,19,11,-8.65,129.05
STR-02,Delhi,North,2023-12-01,2023,Q4,13.12,7.17,2471,95.68,5.66,0,44.44,85.97,1.54,31,18,12,10.77,124.43
STR-03,Bengaluru,South,2023-12-01,2023,Q4,20.58,7.81,2903,97.35,10.49,0,56.8,94.89,1.32,37,42,22,-5.08,147.29
STR-04,Chennai,South,2023-12-01,2023,Q4,17.49,5.02,2453,100.61,3.32,0,55.35,80.0,1.6,63,34,6,10.46,129.59
STR-05,Hyderabad,South,2023-12-01,2023,Q4,7.34,12.59,1340,97.94,9.83,0,62.21,97.87,0.92,71,40,21,-9.72,107.34
STR-06,Pune,West,2023-12-01,2023,Q4,15.47,4.71,1236,97.72,6.66,0,51.86,94.04,1.71,54,31,18,2.39,118.25
STR-07,Kolkata,East,2023-12-01,2023,Q4,20.83,4.2,2944,92.88,8.58,0,47.91,94.26,1.52,23,40,14,9.56,157.92
STR-08,Ahmedabad,West,2023-12-01,2023,Q4,17.96,5.71,2968,95.14,3.58,0,37.62,97.66,1.18,40,41,15,5.51,136.94
STR-09,Jaipur,North,2023-12-01,2023,Q4,14.4,12.36,1838,96.79,5.76,0,69.49,93.07,1.93,69,27,7,8.41,145.0
STR-10,Kochi,South,2023-12-01,2023,Q4,15.83,4.22,2143,98.86,2.12,0,49.26,95.33,0.98,56,51,17,-1.38,116.57
STR-01,Mumbai,West,2024-01-01,2024,Q1,10.13,12.18,2820,97.11,11.97,0,65.41,83.96,1.76,69,9,7,11.98,149.78
STR-02,Delhi,North,2024-01-01,2024,Q1,16.32,9.5,2521,104.97,2.29,0,41.15,81.0,1.68,21,44,9,9.86,122.02
STR-03,Bengaluru,South,2024-01-01,2024,Q1,16.16,3.36,914,96.52,8.06,0,62.46,83.01,1.78,15,19,5,7.22,113.94
STR-04,Chennai,South,2024-01-01,2024,Q1,20.77,10.72,3100,104.38,2.4,0,39.67,80.62,1.28,63,32,26,3.12,136.9
STR-05,Hyderabad,South,2024-01-01,2024,Q1,19.47,4.55,3015,97.93,4.71,0,58.98,98.58,1.44,66,30,5,2.79,140.28
STR-06,Pune,West,2024-01-01,2024,Q1,5.72,11.84,2093,97.73,2.92,0,38.97,98.58,1.21,64,32,27,3.27,108.22
STR-07,Kolkata,East,2024-01-01,2024,Q1,14.73,4.45,1545,99.01,7.78,0,58.59,91.63,1.91,81,15,8,0.2,122.93
STR-08,Ahmedabad,West,2024-01-01,2024,Q1,11.87,7.74,1236,97.34,4.78,0,43.58,86.99,1.44,23,26,23,-2.12,103.07
STR-09,Jaipur,North,2024-01-01,2024,Q1,11.95,5.18,3368,99.17,2.36,0,47.9,87.96,0.88,56,12,21,1.58,123.0
STR-10,Kochi,South,2024-01-01,2024,Q1,16.93,9.48,2427,99.16,9.87,0,52.87,87.06,1.46,60,31,14,0.31,147.59
STR-01,Mumbai,West,2024-02-01,2024,Q1,17.52,11.86,1233,101.04,7.2,0,62.4,84.6,1.76,79,25,18,-9.22,114.55
STR-02,Delhi,North,2024-02-01,2024,Q1,6.23,11.42,3037,98.81,5.34,0,38.57,84.59,1.63,18,48,4,7.85,118.0
STR-03,Bengaluru,South,2024-02-01,2024,Q1,19.56,6.72,2744,102.01,3.2,0,45.87,98.13,1.99,25,28,27,-4.54,127.42
STR-04,Chennai,South,2024-02-01,2024,Q1,16.69,10.05,2858,102.41,2.11,0,39.94,89.03,0.79,42,40,8,8.07,124.81
STR-05,Hyderabad,South,2024-02-01,2024,Q1,21.82,8.56,1421,105.9,3.42,0,49.03,86.24,0.67,73,45,26,-1.59,115.96
STR-06,Pune,West,2024-02-01,2024,Q1,12.98,4.51,1696,105.07,2.45,0,40.85,84.13,1.26,27,52,21,-0.16,98.07
STR-07,Kolkata,East,2024-02-01,2024,Q1,6.43,5.44,3086,102.38,8.49,0,57.47,94.02,0.63,74,40,14,0.95,123.11
STR-08,Ahmedabad,West,2024-02-01,2024,Q1,10.75,11.44,1761,103.69,10.52,0,51.18,97.1,1.4,48,13,29,-3.83,125.97
STR-09,Jaipur,North,2024-02-01,2024,Q1,13.48,8.31,2244,99.99,11.17,0,55.97,81.73,1.04,22,22,9,-11.4,120.6
STR-10,Kochi,South,2024-02-01,2024,Q1,20.77,7.48,1993,101.98,2.07,0,42.56,92.76,1.47,36,40,33,2.89,133.55
STR-01,Mumbai,West,2024-03-01,2024,Q1,13.12,10.61,2592,103.21,11.63,1,61.72,96.2,0.72,78,30,25,-1.44,153.11
STR-02,Delhi,North,2024-03-01,2024,Q1,14.4,9.54,1984,105.85,4.88,1,59.88,93.75,1.05,82,8,7,-11.02,118.91
STR-03,Bengaluru,South,2024-03-01,2024,Q1,18.21,7.9,3175,100.65,11.78,1,47.64,94.67,0.67,83,17,20,7.25,172.64
STR-04,Chennai,South,2024-03-01,2024,Q1,20.72,11.23,1520,99.73,2.49,1,36.15,92.18,1.58,17,37,27,8.77,145.65
STR-05,Hyderabad,South,2024-03-01,2024,Q1,17.57,11.01,1893,98.35,8.22,1,64.61,78.09,1.3,18,19,24,-11.29,140.02
STR-06,Pune,West,2024-03-01,2024,Q1,11.82,11.96,2488,98.38,10.53,1,45.23,95.92,0.98,62,39,21,-2.47,152.32
STR-07,Kolkata,East,2024-03-01,2024,Q1,9.67,11.87,3153,96.85,5.42,1,59.27,94.96,2.0,28,36,12,-2.21,153.89
STR-08,Ahmedabad,West,2024-03-01,2024,Q1,7.33,8.75,1385,103.01,7.95,1,46.91,97.22,1.27,84,23,8,-3.23,122.11
STR-09,Jaipur,North,2024-03-01,2024,Q1,6.14,5.02,2343,100.53,8.35,1,45.05,86.83,1.94,16,51,26,0.98,139.13
STR-10,Kochi,South,2024-03-01,2024,Q1,9.84,11.97,1904,99.25,11.09,1,52.12,93.59,1.41,31,35,23,-4.81,148.67
STR-01,Mumbai,West,2024-04-01,2024,Q2,9.1,6.22,1361,104.74,4.83,1,53.34,94.63,1.69,25,36,17,-0.57,111.71
STR-02,Delhi,North,2024-04-01,2024,Q2,21.91,9.75,1564,105.03,9.88,1,39.04,89.81,0.7,72,27,23,10.93,156.59
STR-03,Bengaluru,South,2024-04-01,2024,Q2,13.72,7.33,1263,105.6,3.03,1,33.56,83.17,0.65,17,52,17,0.39,105.45
STR-04,Chennai,South,2024-04-01,2024,Q2,10.31,3.51,3116,99.85,2.61,1,58.53,82.35,0.99,22,30,15,-2.0,124.8
STR-05,Hyderabad,South,2024-04-01,2024,Q2,5.03,4.12,1978,96.01,7.08,1,50.6,84.99,1.18,75,32,27,8.19,130.63
STR-06,Pune,West,2024-04-01,2024,Q2,9.43,6.22,2454,100.8,8.83,1,40.67,84.95,1.9,31,29,5,-0.94,135.57
STR-07,Kolkata,East,2024-04-01,2024,Q2,17.1,4.5,2469,97.38,11.19,1,32.35,81.95,0.6,18,14,7,2.88,145.74
STR-08,Ahmedabad,West,2024-04-01,2024,Q2,9.11,8.69,1500,104.49,2.05,1,64.43,91.0,0.79,56,48,27,8.53,130.13
STR-09,Jaipur,North,2024-04-01,2024,Q2,9.32,12.19,2348,102.03,11.85,1,45.74,95.08,1.01,46,32,27,2.42,157.44
STR-10,Kochi,South,2024-04-01,2024,Q2,8.68,7.14,2553,96.78,2.3,1,45.17,78.4,0.79,37,37,25,4.99,132.71
STR-01,Mumbai,West,2024-05-01,2024,Q2,17.56,6.17,1222,101.94,3.26,0,37.46,92.56,0.8,77,43,19,11.8,110.54
STR-02,Delhi,North,2024-05-01,2024,Q2,5.07,3.17,2339,101.85,3.27,0,66.1,96.49,1.33,84,15,22,-5.44,93.62
STR-03,Bengaluru,South,2024-05-01,2024,Q2,5.86,8.95,1243,102.64,10.36,0,32.69,90.51,0.89,35,46,30,-5.91,92.29
STR-04,Chennai,South,2024-05-01,2024,Q2,15.38,8.54,2266,102.78,9.26,0,53.54,93.93,1.98,42,14,16,0.35,135.31
STR-05,Hyderabad,South,2024-05-01,2024,Q2,5.21,10.96,1832,100.08,2.94,0,65.81,86.3,1.54,51,29,8,11.08,112.62
STR-06,Pune,West,2024-05-01,2024,Q2,8.03,5.0,3292,105.13,4.12,0,49.85,93.4,1.82,75,37,15,0.41,122.64
STR-07,Kolkata,East,2024-05-01,2024,Q2,17.61,10.31,2288,101.7,3.05,0,66.35,96.18,1.71,69,30,6,-7.09,127.81
STR-08,Ahmedabad,West,2024-05-01,2024,Q2,17.64,3.23,1447,99.77,9.19,0,65.73,86.29,1.01,83,23,22,1.94,131.61
STR-09,Jaipur,North,2024-05-01,2024,Q2,11.96,9.02,2397,100.68,3.97,0,46.33,86.28,0.74,80,22,8,4.43,120.53
STR-10,Kochi,South,2024-05-01,2024,Q2,10.77,12.55,2791,96.99,9.54,0,65.48,83.84,0.84,32,51,9,0.53,143.35
STR-01,Mumbai,West,2024-06-01,2024,Q2,12.96,5.59,1232,100.81,11.59,0,56.8,88.41,0.71,18,18,11,-4.93,100.85
STR-02,Delhi,North,2024-06-01,2024,Q2,18.0,11.77,2909,105.85,11.82,0,68.21,79.51,0.75,78,50,13,1.27,151.64
STR-03,Bengaluru,South,2024-06-01,2024,Q2,6.65,11.46,2832,101.42,3.65,0,41.62,81.37,1.79,58,24,21,5.64,117.9
STR-04,Chennai,South,2024-06-01,2024,Q2,10.03,6.71,3072,103.6,9.72,0,39.86,97.77,0.72,43,18,30,-9.59,116.05
STR-05,Hyderabad,South,2024-06-01,2024,Q2,9.5,11.46,2506,100.14,6.5,0,41.32,92.92,1.78,27,33,30,-3.86,121.97
STR-06,Pune,West,2024-06-01,2024,Q2,14.02,5.48,1766,97.61,11.4,0,65.74,94.32,1.3,32,20,18,0.71,132.62
STR-07,Kolkata,East,2024-06-01,2024,Q2,14.12,7.35,1839,97.26,11.52,0,50.32,98.02,0.79,24,24,20,-7.01,122.81
STR-08,Ahmedabad,West,2024-06-01,2024,Q2,9.3,3.3,1888,105.17,5.22,0,55.11,87.77,1.13,23,31,19,-7.51,96.73
STR-09,Jaipur,North,2024-06-01,2024,Q2,21.81,11.18,3024,100.69,3.53,0,66.99,85.17,0.62,66,49,14,7.07,157.59
STR-10,Kochi,South,2024-06-01,2024,Q2,15.59,10.51,2557,98.12,11.24,0,48.64,91.42,0.55,70,32,33,-5.26,145.54
STR-01,Mumbai,West,2024-07-01,2024,Q3,6.06,7.58,2975,97.52,8.32,0,46.93,97.36,1.01,24,26,25,-0.93,114.86
STR-02,Delhi,North,2024-07-01,2024,Q3,16.22,9.0,1089,105.5,5.43,0,38.73,92.24,1.78,48,34,5,-1.21,103.85
STR-03,Bengaluru,South,2024-07-01,2024,Q3,20.17,10.5,1622,101.31,8.6,0,43.49,97.9,1.08,84,41,26,-2.32,132.56
STR-04,Chennai,South,2024-07-01,2024,Q3,14.55,10.2,2433,105.07,6.19,0,56.59,85.19,1.14,50,28,17,-8.98,116.73
STR-05,Hyderabad,South,2024-07-01,2024,Q3,6.56,9.67,1241,102.63,2.2,0,44.41,82.15,1.68,60,50,29,-6.08,88.63
STR-06,Pune,West,2024-07-01,2024,Q3,16.35,4.29,3165,97.39,4.84,0,57.64,97.12,0.84,34,51,20,4.83,140.47
STR-07,Kolkata,East,2024-07-01,2024,Q3,21.2,9.1,2839,102.25,5.2,0,69.09,86.39,1.54,32,32,4,-2.4,144.87
STR-08,Ahmedabad,West,2024-07-01,2024,Q3,19.88,9.1,1843,105.36,10.54,0,44.24,89.44,1.26,46,27,22,-3.98,137.01
STR-09,Jaipur,North,2024-07-01,2024,Q3,9.15,12.13,3382,104.43,11.78,0,60.31,94.06,1.66,79,12,18,-1.05,154.89
STR-10,Kochi,South,2024-07-01,2024,Q3,9.08,9.45,2548,98.58,7.86,0,47.58,82.6,1.73,35,21,29,-7.98,125.12
STR-01,Mumbai,West,2024-08-01,2024,Q3,5.13,6.36,2082,104.39,3.38,0,61.42,80.43,1.12,70,28,33,-7.38,88.17
STR-02,Delhi,North,2024-08-01,2024,Q3,7.62,7.23,1943,105.33,11.81,0,34.65,80.9,1.7,58,19,12,9.24,118.76
STR-03,Bengaluru,South,2024-08-01,2024,Q3,16.28,4.12,2748,97.76,6.23,0,52.98,88.52,1.54,73,43,23,11.81,145.63
STR-04,Chennai,South,2024-08-01,2024,Q3,21.99,8.16,1175,103.28,11.77,0,44.1,87.69,1.17,21,17,5,4.13,131.0
STR-05,Hyderabad,South,2024-08-01,2024,Q3,11.01,10.87,2671,104.21,6.17,0,44.22,93.73,1.71,73,15,18,9.43,136.98
STR-06,Pune,West,2024-08-01,2024,Q3,7.45,11.79,3281,97.54,7.34,0,34.57,79.11,0.55,21,11,17,6.59,125.25
STR-07,Kolkata,East,2024-08-01,2024,Q3,5.59,9.52,2842,97.68,3.47,0,64.71,95.29,1.33,72,28,28,-9.77,114.27
STR-08,Ahmedabad,West,2024-08-01,2024,Q3,11.71,10.38,2428,103.52,7.04,0,60.51,87.76,1.08,33,26,10,-7.0,120.52
STR-09,Jaipur,North,2024-08-01,2024,Q3,17.78,4.19,2876,97.76,3.75,0,63.28,86.37,1.99,21,46,8,3.68,144.16
STR-10,Kochi,South,2024-08-01,2024,Q3,12.63,6.93,1377,105.76,10.73,0,39.31,82.64,1.5,76,50,12,5.63,129.54
STR-01,Mumbai,West,2024-09-01,2024,Q3,14.63,8.51,1898,103.11,2.27,0,33.88,90.63,1.25,72,35,11,-1.95,100.14
STR-02,Delhi,North,2024-09-01,2024,Q3,17.88,11.27,1806,99.85,4.71,0,51.83,84.61,1.37,54,36,24,-10.41,113.97
STR-03,Bengaluru,South,2024-09-01,2024,Q3,5.02,5.12,2455,102.46,3.72,0,65.83,87.87,1.24,77,45,32,-10.57,97.47
STR-04,Chennai,South,2024-09-01,2024,Q3,8.66,8.86,2106,102.8,4.14,0,35.77,82.35,1.16,28,31,9,-8.77,88.88
STR-05,Hyderabad,South,2024-09-01,2024,Q3,19.62,6.2,1794,96.55,5.57,0,42.06,90.82,0.85,40,44,30,10.31,135.24
STR-06,Pune,West,2024-09-01,2024,Q3,6.7,4.07,1032,102.2,3.22,0,64.39,93.84,1.74,23,39,19,11.92,105.53
STR-07,Kolkata,East,2024-09-01,2024,Q3,5.75,7.01,1062,105.49,7.77,0,62.64,81.58,1.97,37,22,18,-0.15,103.77
STR-08,Ahmedabad,West,2024-09-01,2024,Q3,21.51,6.81,2994,101.85,3.28,0,44.2,82.06,0.7,42,43,29,2.14,140.62
STR-09,Jaipur,North,2024-09-01,2024,Q3,11.1,7.09,2043,102.33,11.27,0,67.45,86.22,1.03,45,20,17,1.63,134.33
STR-10,Kochi,South,2024-09-01,2024,Q3,12.85,9.59,1811,99.21,5.46,0,46.39,79.99,0.79,53,30,25,-2.66,117.23
STR-01,Mumbai,West,2024-10-01,2024,Q4,8.65,8.63,2872,98.57,10.27,1,67.25,90.55,1.52,67,52,5,10.69,162.3
STR-02,Delhi,North,2024-10-01,2024,Q4,11.67,12.24,3296,96.05,2.39,1,57.86,89.82,0.59,55,23,26,8.45,151.8
STR-03,Bengaluru,South,2024-10-01,2024,Q4,13.44,7.66,2076,103.87,5.31,1,65.39,85.83,1.37,15,10,12,-8.15,124.14
STR-04,Chennai,South,2024-10-01,2024,Q4,18.17,7.97,1458,105.65,11.64,1,64.51,81.94,1.41,52,51,30,-3.01,154.22
STR-05,Hyderabad,South,2024-10-01,2024,Q4,6.72,11.11,2214,101.64,11.82,1,55.07,86.92,1.09,48,13,16,-9.16,132.82
STR-06,Pune,West,2024-10-01,2024,Q4,18.51,11.38,1079,99.04,10.74,1,32.91,88.93,1.22,34,27,24,-8.08,138.88
STR-07,Kolkata,East,2024-10-01,2024,Q4,16.36,6.77,2956,96.4,6.62,1,51.85,82.5,0.75,58,33,9,-3.74,149.53
STR-08,Ahmedabad,West,2024-10-01,2024,Q4,6.65,12.47,1416,104.09,11.74,1,35.07,91.69,1.81,43,47,23,-1.7,139.54
STR-09,Jaipur,North,2024-10-01,2024,Q4,12.33,3.36,1431,105.94,11.59,1,33.54,92.82,0.99,52,31,31,-10.92,126.14
STR-10,Kochi,South,2024-10-01,2024,Q4,20.91,11.37,3271,96.6,10.35,1,37.92,89.23,1.88,23,47,21,-2.47,187.02
STR-01,Mumbai,West,2024-11-01,2024,Q4,12.57,3.63,1347,99.11,3.89,1,42.87,98.25,0.69,82,38,30,4.99,120.0
STR-02,Delhi,North,2024-11-01,2024,Q4,19.11,12.76,2510,105.43,3.27,1,62.24,89.46,1.34,73,51,30,11.32,168.82
STR-03,Bengaluru,South,2024-11-01,2024,Q4,16.98,7.83,2087,99.86,5.62,1,46.88,79.88,0.66,46,33,27,-1.29,135.91
STR-04,Chennai,South,2024-11-01,2024,Q4,20.82,9.12,1125,97.58,4.06,1,69.08,82.59,1.3,17,37,32,11.45,155.06
STR-05,Hyderabad,South,2024-11-01,2024,Q4,9.02,3.49,1824,96.63,3.95,1,53.61,97.16,1.33,25,37,22,-7.16,115.68
STR-06,Pune,West,2024-11-01,2024,Q4,18.61,9.18,2595,105.49,5.48,1,35.44,82.74,1.18,75,35,32,-2.92,150.7
STR-07,Kolkata,East,2024-11-01,2024,Q4,18.1,8.4,2000,99.21,8.53,1,57.57,87.13,0.88,27,42,25,-7.95,148.08
STR-08,Ahmedabad,West,2024-11-01,2024,Q4,20.92,4.88,3038,100.98,7.2,1,51.31,87.17,1.99,22,12,18,-0.53,168.79
STR-09,Jaipur,North,2024-11-01,2024,Q4,12.17,3.67,2808,98.28,8.38,1,33.93,98.61,1.23,56,30,30,-0.59,151.8
STR-10,Kochi,South,2024-11-01,2024,Q4,6.03,11.22,2771,103.82,6.28,1,56.24,95.98,1.47,60,21,14,3.9,151.37
STR-01,Mumbai,West,2024-12-01,2024,Q4,16.42,12.61,2733,100.25,10.12,0,51.22,93.47,1.22,40,31,10,5.88,147.7
STR-02,Delhi,North,2024-12-01,2024,Q4,7.23,4.99,1872,103.47,10.95,0,42.36,80.33,1.94,58,44,8,-7.26,103.26
STR-03,Bengaluru,South,2024-12-01,2024,Q4,9.95,8.29,1391,103.61,9.08,0,38.66,85.51,1.24,76,44,8,-5.44,101.22
STR-04,Chennai,South,2024-12-01,2024,Q4,10.24,4.27,2739,103.05,2.7,0,50.28,94.43,1.63,53,12,28,-1.24,113.3
STR-05,Hyderabad,South,2024-12-01,2024,Q4,18.95,5.41,1783,97.76,6.67,0,46.9,83.06,1.64,40,15,13,-5.45,119.74
STR-06,Pune,West,2024-12-01,2024,Q4,7.23,7.39,2723,99.69,4.36,0,61.0,97.53,1.27,36,36,23,8.81,129.61
STR-07,Kolkata,East,2024-12-01,2024,Q4,21.98,9.14,2047,105.09,9.91,0,49.52,79.7,0.57,77,34,18,-0.14,142.64
STR-08,Ahmedabad,West,2024-12-01,2024,Q4,11.93,8.68,2885,104.37,3.09,0,40.56,94.65,1.78,53,42,33,8.95,140.95
STR-09,Jaipur,North,2024-12-01,2024,Q4,20.13,6.14,1233,98.68,8.06,0,67.67,85.24,1.36,43,35,12,-7.92,127.73
STR-10,Kochi,South,2024-12-01,2024,Q4,8.32,3.58,2537,100.03,10.34,0,57.89,82.03,0.8,81,18,28,-5.65,124.76
STR-01,Mumbai,West,2025-01-01,2025,Q1,20.53,4.4,1678,108.14,4.35,0,42.5,98.25,0.93,62,8,16,-1.62,108.03
STR-02,Delhi,North,2025-01-01,2025,Q1,9.3,10.76,2482,103.78,10.35,0,40.1,78.09,1.38,69,24,33,-11.07,115.39
STR-03,Bengaluru,South,2025-01-01,2025,Q1,8.54,8.19,2795,100.89,5.95,0,60.39,85.8,0.82,71,15,9,-2.16,113.9
STR-04,Chennai,South,2025-01-01,2025,Q1,13.15,11.62,2269,106.9,11.83,0,47.65,86.47,1.89,59,11,11,5.52,142.97
STR-05,Hyderabad,South,2025-01-01,2025,Q1,17.83,3.98,1976,102.01,3.85,0,49.63,84.08,1.7,47,17,31,7.27,129.78
STR-06,Pune,West,2025-01-01,2025,Q1,9.52,5.74,1208,101.35,11.44,0,47.28,82.72,1.78,32,36,15,-11.16,104.16
STR-07,Kolkata,East,2025-01-01,2025,Q1,7.75,9.39,2027,102.11,11.17,0,64.34,95.82,0.88,69,31,5,8.82,135.82
STR-08,Ahmedabad,West,2025-01-01,2025,Q1,10.2,9.19,2298,101.28,9.81,0,67.66,93.3,1.19,68,10,30,0.66,140.18
STR-09,Jaipur,North,2025-01-01,2025,Q1,17.66,11.21,1319,102.88,3.18,0,41.06,88.56,1.28,67,30,21,-2.52,119.07
STR-10,Kochi,South,2025-01-01,2025,Q1,18.38,12.13,2976,107.37,8.78,0,51.88,81.96,1.7,32,28,32,5.32,166.2
STR-01,Mumbai,West,2025-02-01,2025,Q1,20.6,12.84,1920,106.38,6.74,0,69.49,79.97,1.15,39,35,30,-5.18,132.64
STR-02,Delhi,North,2025-02-01,2025,Q1,18.39,6.83,2486,108.84,5.01,0,61.27,85.07,1.43,83,21,23,7.91,139.24
STR-03,Bengaluru,South,2025-02-01,2025,Q1,5.42,5.2,3287,105.64,6.96,0,34.1,85.31,1.8,64,41,4,-2.49,111.44
STR-04,Chennai,South,2025-02-01,2025,Q1,21.07,3.51,1835,102.58,10.67,0,60.35,96.6,0.86,67,32,19,6.7,145.71
STR-05,Hyderabad,South,2025-02-01,2025,Q1,9.18,5.31,1960,109.59,9.1,0,56.15,93.62,1.32,16,12,18,-1.21,111.98
STR-06,Pune,West,2025-02-01,2025,Q1,15.89,5.02,945,108.12,5.5,0,53.99,80.96,1.96,77,15,31,10.13,125.23
STR-07,Kolkata,East,2025-02-01,2025,Q1,10.65,4.69,1656,100.9,3.2,0,34.71,98.79,0.66,29,9,7,7.85,100.63
STR-08,Ahmedabad,West,2025-02-01,2025,Q1,14.86,10.74,996,108.82,8.38,0,51.84,92.97,1.2,59,39,14,-0.78,121.64
STR-09,Jaipur,North,2025-02-01,2025,Q1,7.89,10.97,2932,101.54,4.46,0,64.0,84.93,1.54,33,37,29,-10.13,124.48
STR-10,Kochi,South,2025-02-01,2025,Q1,18.01,6.08,2857,106.89,11.1,0,43.21,89.95,0.97,30,23,20,2.92,151.38
STR-01,Mumbai,West,2025-03-01,2025,Q1,15.38,9.24,3305,106.94,8.75,1,57.94,79.56,1.2,24,10,16,-9.92,144.78
STR-02,Delhi,North,2025-03-01,2025,Q1,8.78,7.41,3065,102.37,10.3,1,52.74,93.97,1.24,67,32,18,2.87,153.4
STR-03,Bengaluru,South,2025-03-01,2025,Q1,20.78,7.92,3394,106.02,9.38,1,34.73,88.83,1.25,52,31,31,-0.16,170.57
STR-04,Chennai,South,2025-03-01,2025,Q1,12.96,12.62,2234,101.81,4.17,1,35.62,78.01,1.18,46,24,27,5.6,140.93
STR-05,Hyderabad,South,2025-03-01,2025,Q1,5.55,8.7,3437,109.41,3.67,1,55.81,84.85,1.48,25,21,16,6.23,141.08
STR-06,Pune,West,2025-03-01,2025,Q1,8.92,12.06,3356,107.56,10.5,1,69.96,82.7,0.97,50,23,11,-5.69,155.55
STR-07,Kolkata,East,2025-03-01,2025,Q1,14.9,12.94,922,105.27,8.39,1,64.68,97.59,0.85,84,25,19,7.99,153.63
STR-08,Ahmedabad,West,2025-03-01,2025,Q1,10.15,7.4,1528,109.85,11.06,1,62.34,83.65,1.02,83,36,20,1.46,144.48
STR-09,Jaipur,North,2025-03-01,2025,Q1,13.59,9.37,1973,107.49,5.34,1,44.57,80.67,0.82,43,31,29,-1.29,137.38
STR-10,Kochi,South,2025-03-01,2025,Q1,8.87,10.59,3461,100.21,5.16,1,38.73,91.77,0.95,53,38,5,-10.68,139.39
STR-01,Mumbai,West,2025-04-01,2025,Q2,14.89,3.22,957,101.55,8.07,1,48.9,87.3,0.65,74,28,28,9.43,131.33
STR-02,Delhi,North,2025-04-01,2025,Q2,5.19,4.79,2444,105.49,3.5,1,39.71,91.86,1.6,78,16,21,10.88,127.47
STR-03,Bengaluru,South,2025-04-01,2025,Q2,13.4,6.0,3295,103.6,4.24,1,33.75,85.4,1.58,48,24,4,-1.46,137.3
STR-04,Chennai,South,2025-04-01,2025,Q2,15.95,9.1,2542,108.11,9.12,1,35.91,87.98,1.42,69,39,11,-10.98,141.26
STR-05,Hyderabad,South,2025-04-01,2025,Q2,8.8,7.55,1322,101.77,10.24,1,67.18,82.23,1.9,43,31,4,10.2,146.61
STR-06,Pune,West,2025-04-01,2025,Q2,21.18,3.12,3170,109.7,11.06,1,68.89,89.56,0.66,68,11,29,2.73,177.71
STR-07,Kolkata,East,2025-04-01,2025,Q2,15.45,7.17,2559,101.54,9.4,1,34.85,93.33,1.78,55,31,18,0.24,160.0
STR-08,Ahmedabad,West,2025-04-01,2025,Q2,10.31,12.69,1239,103.69,3.75,1,40.34,87.74,1.92,66,31,26,-6.83,126.02
STR-09,Jaipur,North,2025-04-01,2025,Q2,19.61,6.78,1419,102.42,8.19,1,67.21,83.42,1.55,74,36,33,-8.39,155.12
STR-10,Kochi,South,2025-04-01,2025,Q2,6.5,9.74,3130,100.71,6.75,1,60.64,83.99,1.04,38,9,29,0.48,152.45
STR-01,Mumbai,West,2025-05-01,2025,Q2,19.33,7.46,2983,106.51,3.16,0,65.63,88.27,0.76,81,20,8,4.5,134.14
STR-02,Delhi,North,2025-05-01,2025,Q2,5.81,5.87,2082,104.41,6.14,0,51.83,83.87,0.6,24,38,22,-3.03,93.73
STR-03,Bengaluru,South,2025-05-01,2025,Q2,16.07,4.09,1975,102.48,6.57,0,46.97,95.02,1.1,15,46,19,2.24,120.85
STR-04,Chennai,South,2025-05-01,2025,Q2,5.37,8.15,2867,104.21,3.0,0,61.75,97.79,0.58,39,52,22,6.33,117.41
STR-05,Hyderabad,South,2025-05-01,2025,Q2,9.84,10.88,2204,109.29,11.81,0,33.61,87.34,1.34,59,32,8,-3.93,121.32
STR-06,Pune,West,2025-05-01,2025,Q2,21.79,3.16,1102,108.43,5.24,0,50.23,98.54,1.24,46,8,7,-10.76,104.55
STR-07,Kolkata,East,2025-05-01,2025,Q2,21.07,5.66,2951,100.91,6.24,0,67.34,88.55,1.96,50,51,11,0.11,157.88
STR-08,Ahmedabad,West,2025-05-01,2025,Q2,19.61,7.48,1235,108.55,5.9,0,52.17,98.51,0.82,34,39,13,-11.25,111.38
STR-09,Jaipur,North,2025-05-01,2025,Q2,11.66,5.0,2758,101.81,8.75,0,42.01,85.46,1.06,62,21,25,-0.8,132.43
STR-10,Kochi,South,2025-05-01,2025,Q2,11.14,11.53,1044,102.14,11.0,0,45.02,78.82,1.27,55,32,7,-6.28,116.5
STR-01,Mumbai,West,2025-06-01,2025,Q2,17.7,4.31,1671,109.37,8.07,0,58.99,92.99,1.99,71,29,14,-8.09,118.62
STR-02,Delhi,North,2025-06-01,2025,Q2,13.83,8.33,2933,106.13,2.14,0,67.25,83.56,0.61,27,50,7,-6.23,111.01
STR-03,Bengaluru,South,2025-06-01,2025,Q2,9.66,3.33,1816,101.93,5.79,0,46.64,85.12,1.03,34,22,6,-11.4,85.72
STR-04,Chennai,South,2025-06-01,2025,Q2,8.44,10.57,2459,109.29,7.04,0,52.21,84.61,1.67,84,11,26,8.26,132.96
STR-05,Hyderabad,South,2025-06-01,2025,Q2,20.22,7.34,1216,108.06,5.08,0,67.31,79.98,1.99,68,28,27,-9.76,121.47
STR-06,Pune,West,2025-06-01,2025,Q2,16.16,3.34,2639,107.99,8.02,0,64.56,80.06,0.95,68,52,16,-10.98,124.95
STR-07,Kolkata,East,2025-06-01,2025,Q2,12.62,5.65,3426,104.25,10.79,0,42.27,96.77,1.17,42,42,13,0.06,145.68
STR-08,Ahmedabad,West,2025-06-01,2025,Q2,12.1,5.57,1873,101.52,5.52,0,53.5,86.68,1.74,50,51,11,11.27,134.12
STR-09,Jaipur,North,2025-06-01,2025,Q2,18.34,12.68,2404,101.42,7.26,0,38.46,95.18,1.4,73,22,11,10.31,157.79
STR-10,Kochi,South,2025-06-01,2025,Q2,6.96,8.64,1896,100.59,7.98,0,63.0,79.42,1.29,65,21,11,3.91,126.37
STR-01,Mumbai,West,2025-07-01,2025,Q3,7.02,12.37,1579,101.86,5.23,0,54.33,93.08,1.19,77,29,8,-9.5,94.66
STR-02,Delhi,North,2025-07-01,2025,Q3,22.0,7.55,1717,104.82,11.22,0,35.33,80.39,1.9,76,37,32,-4.45,139.77
STR-03,Bengaluru,South,2025-07-01,2025,Q3,11.04,7.52,2818,101.9,10.98,0,41.63,92.81,0.65,44,34,5,3.69,130.4
STR-04,Chennai,South,2025-07-01,2025,Q3,10.76,9.55,2059,109.5,9.49,0,65.3,80.87,1.01,21,50,15,0.89,124.83
STR-05,Hyderabad,South,2025-07-01,2025,Q3,10.05,3.61,2119,102.55,5.86,0,39.48,83.5,1.46,40,22,15,-3.71,104.23
STR-06,Pune,West,2025-07-01,2025,Q3,14.08,10.72,943,105.88,11.66,0,51.84,97.11,1.7,41,23,5,-1.7,125.74
STR-07,Kolkata,East,2025-07-01,2025,Q3,16.87,12.87,2982,100.93,7.62,0,36.81,93.78,1.29,47,11,25,8.86,158.5
STR-08,Ahmedabad,West,2025-07-01,2025,Q3,15.69,9.12,2060,108.42,10.69,0,33.38,89.68,0.86,67,15,29,3.56,139.17
STR-09,Jaipur,North,2025-07-01,2025,Q3,12.14,4.88,3233,107.04,4.04,0,35.56,96.65,1.66,38,11,9,-4.98,121.87
STR-10,Kochi,South,2025-07-01,2025,Q3,21.53,10.08,2426,103.08,4.99,0,33.5,93.3,0.61,57,48,4,5.51,144.66
STR-01,Mumbai,West,2025-08-01,2025,Q3,21.13,10.57,1448,104.86,6.36,0,44.34,88.96,1.18,48,21,21,9.55,134.16
STR-02,Delhi,North,2025-08-01,2025,Q3,21.92,3.79,1920,101.81,5.52,0,42.92,81.67,1.66,41,45,18,10.06,137.42
STR-03,Bengaluru,South,2025-08-01,2025,Q3,5.55,3.67,969,100.8,4.63,0,69.47,82.39,0.84,43,13,21,-0.05,86.15
STR-04,Chennai,South,2025-08-01,2025,Q3,14.87,6.77,1713,101.39,6.28,0,58.21,96.23,1.09,72,33,21,-10.34,114.21
STR-05,Hyderabad,South,2025-08-01,2025,Q3,7.9,3.69,2244,102.88,9.24,0,34.52,96.11,1.76,65,11,6,-11.43,103.53
STR-06,Pune,West,2025-08-01,2025,Q3,5.96,11.54,2811,105.48,6.26,0,62.23,88.27,1.28,31,48,33,-8.4,122.26
STR-07,Kolkata,East,2025-08-01,2025,Q3,19.12,3.52,1655,108.86,8.65,0,58.04,83.53,1.16,48,10,14,0.51,128.59
STR-08,Ahmedabad,West,2025-08-01,2025,Q3,12.86,6.27,2710,102.51,5.65,0,37.7,96.31,1.42,36,33,8,4.65,132.43
STR-09,Jaipur,North,2025-08-01,2025,Q3,19.41,5.38,2035,100.09,2.47,0,60.97,98.73,0.62,25,23,26,-10.28,119.26
STR-10,Kochi,South,2025-08-01,2025,Q3,15.07,10.56,3096,100.11,7.95,0,69.67,83.41,0.82,40,30,7,1.33,153.35
STR-01,Mumbai,West,2025-09-01,2025,Q3,15.14,10.92,2699,108.93,10.06,0,41.4,89.67,0.98,67,47,13,10.37,146.06
STR-02,Delhi,North,2025-09-01,2025,Q3,16.59,12.75,2198,105.37,6.87,0,36.08,82.97,1.32,44,14,6,10.36,134.37
STR-03,Bengaluru,South,2025-09-01,2025,Q3,7.11,4.98,2853,100.97,11.0,0,59.58,79.44,1.55,68,46,22,6.18,139.6
STR-04,Chennai,South,2025-09-01,2025,Q3,19.08,10.18,3186,103.22,8.97,0,68.36,90.34,1.51,56,26,17,6.15,167.71
STR-05,Hyderabad,South,2025-09-01,2025,Q3,21.96,4.6,916,105.39,6.81,0,53.72,79.03,1.14,29,46,21,2.04,123.39
STR-06,Pune,West,2025-09-01,2025,Q3,16.17,10.2,1392,107.9,8.25,0,52.43,90.73,0.7,59,12,12,0.66,122.9
STR-07,Kolkata,East,2025-09-01,2025,Q3,19.84,9.79,1760,105.92,4.22,0,59.89,95.38,1.41,21,51,21,-3.87,132.91
STR-08,Ahmedabad,West,2025-09-01,2025,Q3,12.59,11.64,993,105.2,5.68,0,33.91,81.0,0.83,65,15,15,10.66,116.6
STR-09,Jaipur,North,2025-09-01,2025,Q3,13.59,5.35,3357,103.38,10.16,0,46.57,94.22,1.71,22,33,7,2.61,152.89
STR-10,Kochi,South,2025-09-01,2025,Q3,21.3,7.02,1400,109.23,10.84,0,51.84,89.6,0.86,18,41,28,-0.03,143.01
STR-01,Mumbai,West,2025-10-01,2025,Q4,5.58,9.83,2909,108.29,4.77,1,34.03,97.75,1.91,81,10,19,3.42,135.24
STR-02,Delhi,North,2025-10-01,2025,Q4,12.86,7.2,3168,100.97,4.33,1,63.79,81.06,0.88,23,49,20,-6.84,139.29
STR-03,Bengaluru,South,2025-10-01,2025,Q4,7.77,8.63,3001,106.26,11.12,1,37.74,97.18,1.86,40,50,28,3.15,159.51
STR-04,Chennai,South,2025-10-01,2025,Q4,15.54,9.39,2236,100.16,11.58,1,54.25,94.41,1.1,63,22,4,0.23,159.43
STR-05,Hyderabad,South,2025-10-01,2025,Q4,13.62,7.37,2251,102.5,7.28,1,46.26,98.37,0.8,38,35,13,-4.94,137.78
STR-06,Pune,West,2025-10-01,2025,Q4,14.24,7.99,1183,109.5,4.85,1,58.33,78.53,0.93,60,19,17,-11.26,115.7
STR-07,Kolkata,East,2025-10-01,2025,Q4,15.5,9.78,1200,105.17,8.04,1,47.05,78.87,0.69,67,28,23,11.89,150.94
STR-08,Ahmedabad,West,2025-10-01,2025,Q4,5.27,8.58,2565,108.27,7.45,1,55.56,92.63,1.8,67,49,7,10.23,155.65
STR-09,Jaipur,North,2025-10-01,2025,Q4,5.44,11.36,1823,101.95,2.04,1,48.92,85.02,0.79,20,17,17,-2.34,115.82
STR-10,Kochi,South,2025-10-01,2025,Q4,18.05,11.93,2929,101.24,4.95,1,66.71,79.86,1.14,60,50,32,10.82,188.46
STR-01,Mumbai,West,2025-11-01,2025,Q4,11.99,9.67,2258,107.53,2.32,1,37.48,90.9,0.89,46,43,23,-3.57,121.03
STR-02,Delhi,North,2025-11-01,2025,Q4,20.07,11.19,2273,107.73,4.71,1,50.78,82.15,1.8,49,33,28,9.65,166.26
STR-03,Bengaluru,South,2025-11-01,2025,Q4,19.92,12.6,1812,109.32,7.71,1,48.05,89.77,1.05,30,10,12,-6.21,142.43
STR-04,Chennai,South,2025-11-01,2025,Q4,6.4,7.97,3067,106.3,7.21,1,48.29,87.75,0.85,77,19,28,-7.24,133.8
STR-05,Hyderabad,South,2025-11-01,2025,Q4,17.18,10.6,3480,108.63,4.91,1,65.5,93.32,1.71,55,8,23,8.31,180.64
STR-06,Pune,West,2025-11-01,2025,Q4,21.88,7.2,1508,107.45,6.53,1,67.22,86.28,1.37,71,32,7,-6.58,148.39
STR-07,Kolkata,East,2025-11-01,2025,Q4,19.29,6.97,3273,102.46,6.92,1,62.62,96.8,0.65,42,41,21,-0.79,172.07
STR-08,Ahmedabad,West,2025-11-01,2025,Q4,15.44,7.47,1641,104.72,7.82,1,51.04,87.92,1.74,42,39,26,-3.81,149.38
STR-09,Jaipur,North,2025-11-01,2025,Q4,18.61,11.54,1610,105.83,4.85,1,60.09,83.01,1.52,25,15,11,0.27,151.66
STR-10,Kochi,South,2025-11-01,2025,Q4,21.13,6.81,1057,109.87,10.75,1,38.3,95.21,0.6,76,50,15,8.9,162.3
STR-01,Mumbai,West,2025-12-01,2025,Q4,16.71,8.33,964,108.12,9.1,0,49.8,96.74,0.88,42,23,9,3.43,116.13
STR-02,Delhi,North,2025-12-01,2025,Q4,21.52,5.47,1682,101.39,10.61,0,40.6,88.57,1.99,32,26,4,1.36,137.49
STR-03,Bengaluru,South,2025-12-01,2025,Q4,13.71,11.07,1554,104.1,3.68,0,60.15,94.48,0.75,39,15,15,9.43,121.17
STR-04,Chennai,South,2025-12-01,2025,Q4,5.05,5.99,1414,103.34,4.72,0,49.48,81.81,1.32,53,19,25,1.81,96.72
STR-05,Hyderabad,South,2025-12-01,2025,Q4,6.58,11.44,2287,107.65,5.61,0,61.74,82.33,0.82,27,42,18,-11.21,103.57
STR-06,Pune,West,2025-12-01,2025,Q4,8.83,10.24,2285,100.81,10.82,0,62.31,96.26,1.56,73,31,24,0.6,144.41
STR-07,Kolkata,East,2025-12-01,2025,Q4,16.1,12.19,2495,103.16,2.72,0,67.9,87.35,1.53,22,10,29,11.78,152.19
STR-08,Ahmedabad,West,2025-12-01,2025,Q4,7.75,11.0,1469,100.49,9.54,0,45.48,91.62,1.3,77,12,11,-8.75,112.68
STR-09,Jaipur,North,2025-12-01,2025,Q4,6.99,4.03,1140,103.51,4.17,0,58.29,92.42,1.33,59,34,32,-2.75,103.51
STR-10,Kochi,South,2025-12-01,2025,Q4,19.21,3.75,2094,109.88,10.47,0,54.03,91.16,1.06,66,32,24,6.49,154.11
STR-01,Mumbai,West,2026-01-01,2026,Q1,21.97,7.92,2483,109.96,3.19,0,41.3,84.9,1.61,19,43,9,-8.02,119.45
STR-02,Delhi,North,2026-01-01,2026,Q1,5.76,11.73,1440,104.4,2.28,0,53.23,83.93,1.42,63,19,17,10.16,105.76
STR-03,Bengaluru,South,2026-01-01,2026,Q1,9.89,9.79,2485,113.56,11.81,0,60.08,87.77,0.87,18,45,28,5.67,138.85
STR-04,Chennai,South,2026-01-01,2026,Q1,8.77,7.51,2321,112.26,8.84,0,56.44,91.65,0.94,47,31,15,-10.9,109.05
STR-05,Hyderabad,South,2026-01-01,2026,Q1,18.38,7.33,2314,106.45,4.09,0,54.34,82.88,0.64,45,11,27,-2.96,123.65
STR-06,Pune,West,2026-01-01,2026,Q1,11.46,7.31,1711,107.21,9.58,0,67.7,91.88,1.18,72,16,26,-1.01,130.0
STR-07,Kolkata,East,2026-01-01,2026,Q1,12.05,8.25,1458,105.04,6.15,0,36.71,86.62,1.36,37,21,31,-11.13,104.58
STR-08,Ahmedabad,West,2026-01-01,2026,Q1,15.56,7.58,943,106.5,3.18,0,40.24,83.77,1.13,16,22,19,-11.98,92.59
STR-09,Jaipur,North,2026-01-01,2026,Q1,7.75,3.94,1718,107.29,7.48,0,40.43,78.51,1.91,53,25,7,-8.96,101.83
STR-10,Kochi,South,2026-01-01,2026,Q1,7.49,12.81,2381,110.1,11.87,0,35.36,98.46,0.85,58,47,22,-1.92,136.23
STR-01,Mumbai,West,2026-02-01,2026,Q1,11.53,12.31,1699,113.97,5.79,0,56.65,98.33,0.63,25,26,31,1.63,114.11
STR-02,Delhi,North,2026-02-01,2026,Q1,16.97,4.49,2244,110.74,6.56,0,37.89,83.13,1.79,52,47,5,5.01,127.14
STR-03,Bengaluru,South,2026-02-01,2026,Q1,21.99,3.07,3172,110.74,2.6,0,54.41,92.36,1.4,26,29,14,4.73,140.71
STR-04,Chennai,South,2026-02-01,2026,Q1,15.1,5.08,3275,112.82,8.67,0,49.93,84.75,0.67,54,49,11,-11.73,124.21
STR-05,Hyderabad,South,2026-02-01,2026,Q1,21.77,5.22,1240,105.69,4.84,0,47.89,84.81,1.71,72,8,32,9.01,137.25
STR-06,Pune,West,2026-02-01,2026,Q1,7.61,10.77,1388,113.13,7.18,0,44.78,81.3,0.57,25,22,11,9.94,108.7
STR-07,Kolkata,East,2026-02-01,2026,Q1,18.55,12.7,3270,109.92,4.57,0,52.63,84.73,0.96,22,15,21,-7.6,139.39
STR-08,Ahmedabad,West,2026-02-01,2026,Q1,12.98,9.51,1559,113.31,7.06,0,63.14,91.73,1.58,23,17,25,9.0,137.23
STR-09,Jaipur,North,2026-02-01,2026,Q1,15.43,5.78,2834,110.06,2.66,0,41.17,79.27,1.35,21,49,8,2.65,128.04
STR-10,Kochi,South,2026-02-01,2026,Q1,18.44,11.22,1264,109.49,7.63,0,49.97,91.76,0.85,36,46,33,-9.65,128.27
STR-01,Mumbai,West,2026-03-01,2026,Q1,19.1,8.94,2115,111.46,2.84,1,61.43,90.39,0.71,32,22,6,6.02,141.2
STR-02,Delhi,North,2026-03-01,2026,Q1,9.98,11.89,2170,110.98,4.79,1,58.94,97.91,0.68,68,34,13,-6.37,127.27
STR-03,Bengaluru,South,2026-03-01,2026,Q1,11.69,10.42,2441,109.71,5.14,1,37.37,83.61,1.8,48,8,22,-2.93,135.92
STR-04,Chennai,South,2026-03-01,2026,Q1,18.43,3.64,1868,106.3,11.85,1,58.83,90.97,0.56,32,21,9,3.25,153.15
STR-05,Hyderabad,South,2026-03-01,2026,Q1,11.46,12.24,2650,108.47,9.5,1,69.07,87.68,1.48,68,38,31,-6.03,162.71
STR-06,Pune,West,2026-03-01,2026,Q1,20.07,3.98,3045,111.83,8.15,1,50.83,90.96,0.77,60,45,10,-5.52,157.6
STR-07,Kolkata,East,2026-03-01,2026,Q1,15.16,7.42,1260,112.83,5.74,1,48.95,86.6,0.81,32,14,25,-1.24,129.3
STR-08,Ahmedabad,West,2026-03-01,2026,Q1,5.28,12.64,1079,111.24,10.69,1,66.46,85.09,1.44,72,11,22,-5.58,134.07
STR-09,Jaipur,North,2026-03-01,2026,Q1,8.77,4.14,1549,111.81,9.61,1,44.02,82.31,1.21,61,41,20,10.06,144.03
STR-10,Kochi,South,2026-03-01,2026,Q1,19.87,12.16,1362,113.65,6.65,1,33.8,79.75,1.12,74,35,11,-7.92,141.23
STR-01,Mumbai,West,2026-04-01,2026,Q2,21.2,4.95,1040,111.61,8.41,1,57.69,84.96,1.49,82,27,9,10.5,152.21
STR-02,Delhi,North,2026-04-01,2026,Q2,10.13,5.55,1877,110.56,6.51,1,56.03,81.35,1.53,64,44,12,-5.45,124.71
STR-03,Bengaluru,South,2026-04-01,2026,Q2,7.76,6.32,2987,108.54,3.9,1,39.33,89.38,0.74,38,36,24,10.65,138.77
STR-04,Chennai,South,2026-04-01,2026,Q2,12.26,12.01,2303,104.43,9.21,1,60.92,95.7,0.63,21,11,27,-2.96,149.91
STR-05,Hyderabad,South,2026-04-01,2026,Q2,10.16,4.73,2112,104.64,10.27,1,56.3,93.44,1.58,84,14,29,-7.59,144.26
STR-06,Pune,West,2026-04-01,2026,Q2,5.01,8.99,1682,105.24,3.86,1,44.61,79.47,0.63,39,43,31,-4.51,112.32
STR-07,Kolkata,East,2026-04-01,2026,Q2,21.7,12.64,3354,111.15,8.01,1,58.24,80.02,0.82,24,32,6,2.5,179.87
STR-08,Ahmedabad,West,2026-04-01,2026,Q2,21.77,9.72,1352,113.85,8.78,1,33.53,96.21,1.08,64,39,4,0.17,152.9
STR-09,Jaipur,North,2026-04-01,2026,Q2,20.93,5.57,3020,105.74,2.58,1,35.06,93.27,1.8,49,14,8,-5.08,155.12
STR-10,Kochi,South,2026-04-01,2026,Q2,8.32,3.27,1537,111.0,8.48,1,46.75,89.66,0.69,53,33,8,10.36,136.64
STR-01,Mumbai,West,2026-05-01,2026,Q2,17.95,12.23,3013,110.49,11.28,0,47.83,78.08,0.64,79,17,7,-9.71,135.52
STR-02,Delhi,North,2026-05-01,2026,Q2,10.98,10.01,3424,109.9,3.46,0,60.42,85.45,0.57,70,44,12,-4.07,122.6
STR-03,Bengaluru,South,2026-05-01,2026,Q2,9.66,11.12,987,110.96,3.39,0,62.7,92.22,0.83,68,21,23,-0.4,100.9
STR-04,Chennai,South,2026-05-01,2026,Q2,12.47,4.12,1243,105.0,3.64,0,37.04,98.04,0.96,51,18,14,-4.27,93.03
STR-05,Hyderabad,South,2026-05-01,2026,Q2,20.27,8.63,2755,107.0,3.15,0,53.14,85.26,1.71,79,35,30,-0.66,147.41
STR-06,Pune,West,2026-05-01,2026,Q2,21.51,8.53,1975,108.89,2.37,0,62.55,80.13,1.0,33,20,20,-10.97,119.45
STR-07,Kolkata,East,2026-05-01,2026,Q2,6.35,9.96,1674,108.77,5.39,0,40.67,81.96,1.66,20,23,32,-8.64,101.44
STR-08,Ahmedabad,West,2026-05-01,2026,Q2,21.31,8.95,1350,111.1,9.04,0,63.15,88.15,1.32,59,14,13,-9.47,133.67
STR-09,Jaipur,North,2026-05-01,2026,Q2,16.3,3.34,989,104.94,3.91,0,56.27,91.2,1.16,34,9,6,-1.6,108.32
STR-10,Kochi,South,2026-05-01,2026,Q2,11.0,10.2,2795,108.92,6.87,0,68.72,93.88,1.27,55,46,18,-11.36,136.36
STR-01,Mumbai,West,2026-06-01,2026,Q2,21.02,6.19,2060,113.99,9.19,0,33.8,79.3,0.59,32,29,21,-10.28,114.06
STR-02,Delhi,North,2026-06-01,2026,Q2,20.87,12.37,2280,110.17,4.92,0,34.43,93.49,0.7,53,12,6,-4.53,122.42
STR-03,Bengaluru,South,2026-06-01,2026,Q2,5.21,7.34,2974,112.01,8.04,0,64.18,86.54,1.78,64,47,19,-6.65,123.53
STR-04,Chennai,South,2026-06-01,2026,Q2,21.05,5.75,2703,106.43,5.67,0,45.35,89.02,1.83,16,44,12,0.5,143.17
STR-05,Hyderabad,South,2026-06-01,2026,Q2,10.78,11.22,1873,105.04,7.03,0,57.53,94.71,1.4,26,47,27,-2.57,128.15
STR-06,Pune,West,2026-06-01,2026,Q2,5.56,4.16,3226,107.29,6.95,0,45.54,89.77,1.25,17,33,24,4.01,126.58
STR-07,Kolkata,East,2026-06-01,2026,Q2,10.41,6.46,1615,109.96,5.15,0,44.55,92.57,1.49,55,25,8,-1.41,109.61
STR-08,Ahmedabad,West,2026-06-01,2026,Q2,20.18,3.36,3157,105.63,7.07,0,48.12,78.21,1.88,74,31,17,10.9,166.5
STR-09,Jaipur,North,2026-06-01,2026,Q2,9.87,11.66,2155,109.57,4.03,0,58.04,89.53,1.92,79,31,17,-5.56,127.33
STR-10,Kochi,South,2026-06-01,2026,Q2,7.35,9.99,1525,104.28,9.4,0,67.22,79.57,0.71,83,11,24,3.55,130.06
STR-01,Mumbai,West,2026-07-01,2026,Q3,6.17,11.34,2045,113.07,10.78,0,62.88,88.83,0.91,51,47,19,-9.58,111.98
STR-02,Delhi,North,2026-07-01,2026,Q3,16.2,4.34,2304,104.54,5.0,0,40.82,91.02,1.69,50,40,5,8.41,131.04
STR-03,Bengaluru,South,2026-07-01,2026,Q3,19.63,6.42,1611,108.03,3.54,0,52.09,79.81,1.82,61,39,31,7.72,135.86
STR-04,Chennai,South,2026-07-01,2026,Q3,14.56,8.58,3244,106.48,2.76,0,53.35,84.9,1.02,83,27,4,2.31,133.55
STR-05,Hyderabad,South,2026-07-01,2026,Q3,9.49,4.88,1022,107.64,10.79,0,44.79,92.26,1.65,17,19,13,7.72,118.47
STR-06,Pune,West,2026-07-01,2026,Q3,16.76,8.59,2564,104.35,11.91,0,61.73,97.69,1.86,15,9,4,7.0,162.75
STR-07,Kolkata,East,2026-07-01,2026,Q3,12.67,10.9,1807,106.88,9.51,0,62.13,91.01,0.99,15,29,13,11.2,144.66
STR-08,Ahmedabad,West,2026-07-01,2026,Q3,12.47,7.47,2963,108.1,7.53,0,48.43,95.36,1.87,53,15,31,1.54,149.58
STR-09,Jaipur,North,2026-07-01,2026,Q3,12.52,10.05,1111,109.63,9.0,0,60.49,92.2,1.63,73,43,10,-0.04,132.79
STR-10,Kochi,South,2026-07-01,2026,Q3,15.0,3.02,3388,110.1,3.29,0,63.02,93.06,1.65,74,23,15,8.5,154.61
STR-01,Mumbai,West,2026-08-01,2026,Q3,12.04,8.71,1901,110.45,9.18,0,53.55,88.43,1.72,15,35,24,-5.33,120.89
STR-02,Delhi,North,2026-08-01,2026,Q3,21.3,10.07,1222,113.71,11.19,0,60.7,90.8,0.8,84,11,20,6.37,144.59
STR-03,Bengaluru,South,2026-08-01,2026,Q3,13.85,11.68,3089,107.81,7.06,0,48.43,80.28,0.77,22,25,29,-0.37,136.85
STR-04,Chennai,South,2026-08-01,2026,Q3,5.83,3.16,967,105.64,9.05,0,62.22,82.79,1.41,48,44,8,-4.71,97.0
STR-05,Hyderabad,South,2026-08-01,2026,Q3,20.11,8.44,2305,106.25,5.3,0,49.9,88.08,2.0,77,15,7,8.45,151.47
STR-06,Pune,West,2026-08-01,2026,Q3,19.68,8.53,1632,109.19,4.92,0,62.37,88.46,1.89,39,31,22,0.34,139.3
STR-07,Kolkata,East,2026-08-01,2026,Q3,17.09,8.04,1097,105.84,11.73,0,62.86,96.08,1.25,78,33,29,-4.64,141.29
STR-08,Ahmedabad,West,2026-08-01,2026,Q3,17.95,4.4,1506,108.46,5.22,0,46.71,95.22,0.92,36,40,26,-10.23,114.74
STR-09,Jaipur,North,2026-08-01,2026,Q3,18.02,10.92,2529,111.22,11.15,0,62.43,86.2,1.25,43,41,27,-4.98,158.83
STR-10,Kochi,South,2026-08-01,2026,Q3,18.67,6.28,1497,104.87,2.44,0,69.91,96.26,1.83,71,21,32,-1.48,139.61

